{
	"data" : {
		"screenTitle" : "Introduction",
		"listText" : "",
		"audioQuePoints" :[
			{"startTime":"4","endTime":"10","className":"text0","isShown":"false","type":"fadeIn"},
			{"startTime":"11","endTime":"12","className":"text0","isShown":"false","type":"fadeOut"},
			{"startTime":"12","endTime":"13","className":"text1","isShown":"false","type":"fadeIn"},
			{"startTime":"14","endTime":"15","className":"text2","isShown":"false","type":"fadeIn"},
			{"startTime":"15","endTime":"16","className":"text3","isShown":"false","type":"fadeIn"},
			{"startTime":"16","endTime":"17","className":"text4","isShown":"false","type":"fadeIn"},
			{"startTime":"17","endTime":"18","className":"text5","isShown":"false","type":"fadeIn"},
			{"startTime":"18","endTime":"19","className":"text6","isShown":"false","type":"fadeIn"},
			{"startTime":"31","endTime":"39","className":"text7","isShown":"false","type":"fadeIn"}
		]	
	}
}