{
	"data" : {
		"screenTitle" : "Objectives",
		"listText" : "",
		"audioQuePoints" :[
			{"startTime":"0","endTime":"9","className":"screen_paert1,.screenTitle_1","isShown":"false","type":"fadeIn"},
			{"startTime":"9","endTime":"10","className":"screen_paert1,.screenTitle_1","isShown":"false","type":"fadeOut"},
			{"startTime":"10","endTime":"12","className":"text1,.screencontent,.screenTitle_2","isShown":"false","type":"fadeIn"},
			{"startTime":"12.8","endTime":"15.5","className":"text2","isShown":"false","type":"fadeIn"},
			{"startTime":"15.5","endTime":"18.7","className":"text3","isShown":"false","type":"fadeIn"},
			{"startTime":"18.7","endTime":"22.1","className":"text4","isShown":"false","type":"fadeIn"}
		]
	}
}