{
	"data" : {
		"screenTitle" : "Conclusion",
		"listText" : "",
		"audioQuePoints" :[
			{"startTime":"0","endTime":"1","className":"text1","isShown":"false","type":"fadeIn"},
			{"startTime":"5.3","endTime":"7.4","className":"callOut_3","isShown":"false","type":"fadeIn"},
			{"startTime":"10","endTime":"12","className":"callOut_3","isShown":"false","type":"fadeOut"},
			{"startTime":"10","endTime":"23","className":"text3,.callOut_2","isShown":"false","type":"fadeIn"},
			{"startTime":"24","endTime":"26","className":"callOut_2","isShown":"false","type":"fadeOut"},
			{"startTime":"24","endTime":"36","className":"text4,.callOut_1","isShown":"false","type":"fadeIn"}
		]	
	}
}